is_match_day,temperature,actual_sales,predicted_sales
1,20,100,13.105088
0,25,200,10.307165
1,22,150,13.856501
0,18,130,7.8674746
1,30,250,16.919762
0,15,90,6.8690586
